,Open,High,Low,Close,Volume
2022-03-17 15:00:00,1.0,28.0,1.0,8.9091,15734683100.0
2022-03-17 16:00:00,8.8895,9.299,7.2372,7.3658,9276974410.0
2022-03-17 17:00:00,7.3775,8.46,7.1882,8.2527,10006881070.0
2022-03-17 18:00:00,8.2527,8.37,7.7684,7.94,4364491350.0
2022-03-17 19:00:00,7.94,7.9597,7.273,7.388,3175898860.0
2022-03-17 20:00:00,7.3876,7.855,7.2955,7.7777,2999587450.0
2022-03-17 21:00:00,7.7777,8.2242,7.6841,8.0956,3163290150.0
2022-03-17 22:00:00,8.0956,8.9,8.0452,8.7764,5594604000.0
2022-03-17 23:00:00,8.7764,8.7764,8.1791,8.2565,2756150050.0
2022-03-18 00:00:00,8.2526,8.5814,8.0516,8.5192,2350071840.0
2022-03-18 01:00:00,8.5192,10.2,8.5192,9.5428,7875652120.0
2022-03-18 02:00:00,9.5466,10.1344,9.0782,10.0871,5786178770.0
2022-03-18 03:00:00,10.0686,11.9,10.0686,11.5736,12689687840.0
2022-03-18 04:00:00,11.5775,12.2,10.8137,11.1032,8792274490.0
2022-03-18 05:00:00,11.1013,11.65,10.6,11.3368,5371347980.0
2022-03-18 06:00:00,11.3369,11.85,10.9642,11.3138,5085157780.0
2022-03-18 07:00:00,11.3132,12.5,11.3085,12.2462,7235922050.0
2022-03-18 08:00:00,12.2473,14.89,12.1255,13.8602,12927756760.0
2022-03-18 09:00:00,13.8604,18.0,13.61,16.3055,17946503590.0
2022-03-18 10:00:00,16.3071,16.36,14.333,14.767,17499697690.0
2022-03-18 11:00:00,14.752,15.5,14.2001,15.2269,8114489370.0
2022-03-18 12:00:00,15.2266,15.45,14.4524,15.4,5956689280.0
2022-03-18 13:00:00,15.4,16.4,14.8365,15.152,9642185400.0
2022-03-18 14:00:00,15.1504,15.2,14.22,14.3672,5474214990.0
2022-03-18 15:00:00,14.3669,14.4125,13.3784,13.9102,9785545320.0
2022-03-18 16:00:00,13.9113,14.0,12.61,13.0326,8826731900.0
2022-03-18 17:00:00,13.0268,13.8,12.649,13.1295,6785962290.0
2022-03-18 18:00:00,13.1279,14.2222,12.79,13.8373,6000905060.0
2022-03-18 19:00:00,13.8369,14.6,13.5739,14.4713,5549807220.0
2022-03-18 20:00:00,14.4713,14.949,13.8001,14.2443,5035912410.0
2022-03-18 21:00:00,14.2443,14.7,13.9789,14.2001,3201739610.0
2022-03-18 22:00:00,14.2001,14.3792,13.6227,14.0876,2267667500.0
2022-03-18 23:00:00,14.093,14.5,13.095,13.2348,2538990100.0
2022-03-19 00:00:00,13.2292,13.5037,12.88,13.08,2170125620.0
2022-03-19 01:00:00,13.0801,13.4565,12.71,13.4336,2839078620.0
2022-03-19 02:00:00,13.4286,14.32,13.2561,14.116,3776900370.0
2022-03-19 03:00:00,14.1208,14.4606,13.68,14.0258,2413212240.0
2022-03-19 04:00:00,14.028,14.75,13.99,14.0551,3020182080.0
2022-03-19 05:00:00,14.0578,14.2832,13.7,14.0422,1963909870.0
2022-03-19 06:00:00,14.0339,14.0393,13.1902,13.24,2016722990.0
2022-03-19 07:00:00,13.2375,13.5555,13.111,13.4147,1657146540.0
2022-03-19 08:00:00,13.4147,13.45,13.0628,13.2449,1469742530.0
2022-03-19 09:00:00,13.2406,13.3599,12.9208,13.3045,1936864690.0
2022-03-19 10:00:00,13.3009,13.49,12.997,13.0204,1855843300.0
2022-03-19 11:00:00,13.0252,13.54,13.0143,13.4444,1600759450.0
2022-03-19 12:00:00,13.4444,13.8253,13.33,13.4109,2155447590.0
2022-03-19 13:00:00,13.4069,13.58,13.0999,13.22,1286174150.0
2022-03-19 14:00:00,13.22,13.3078,13.0091,13.022,1102146460.0
2022-03-19 15:00:00,13.0267,13.5548,12.95,13.4959,1907729830.0
2022-03-19 16:00:00,13.4975,14.2967,13.4,14.1563,4610203720.0
2022-03-19 17:00:00,14.1563,14.3996,13.6211,14.3034,3241872980.0
2022-03-19 18:00:00,14.3001,14.5,13.7528,13.7995,2455839870.0
2022-03-19 19:00:00,13.7993,13.7994,12.641,13.2059,3871131240.0
2022-03-19 20:00:00,13.2137,13.27,13.0468,13.12,905040330.0
2022-03-19 21:00:00,13.1187,13.3483,13.0245,13.086,966981680.0
2022-03-19 22:00:00,13.0881,13.2299,13.01,13.0475,722573110.0
2022-03-19 23:00:00,13.051,13.0878,12.1212,12.2496,3292512670.0
2022-03-20 00:00:00,12.2503,12.2912,11.4254,11.7213,3725527730.0
2022-03-20 01:00:00,11.728,11.8209,11.3,11.5414,3512835340.0
2022-03-20 02:00:00,11.5473,11.7248,11.1838,11.5701,3119555670.0
2022-03-20 03:00:00,11.5714,11.7786,11.4805,11.7418,1574753520.0
2022-03-20 04:00:00,11.7432,11.8249,11.331,11.4779,1894898720.0
2022-03-20 05:00:00,11.4795,11.6387,11.25,11.4639,1500977960.0
2022-03-20 06:00:00,11.4647,11.9472,11.4417,11.7144,2050890350.0
2022-03-20 07:00:00,11.7144,11.7239,11.3722,11.4599,1135585480.0
2022-03-20 08:00:00,11.4602,11.639,11.3992,11.4917,905953690.0
2022-03-20 09:00:00,11.4875,11.6699,11.4112,11.5701,944387860.0
2022-03-20 10:00:00,11.5715,11.6176,10.81,11.1341,3479888060.0
2022-03-20 11:00:00,11.1385,11.1408,10.84,10.9574,2049896830.0
2022-03-20 12:00:00,10.9553,11.18,10.9183,11.0099,1450517900.0
2022-03-20 13:00:00,11.0068,11.1214,10.6477,11.1102,2938224010.0
2022-03-20 14:00:00,11.1103,11.47,11.0513,11.2044,2929932290.0
2022-03-20 15:00:00,11.2044,11.2222,10.868,11.0369,1770935120.0
2022-03-20 16:00:00,11.037,11.16,10.7655,11.0488,1569659090.0
2022-03-20 17:00:00,11.052,11.052,10.4457,10.6158,2272410140.0
2022-03-20 18:00:00,10.617,10.7228,10.1639,10.3146,2450036570.0
2022-03-20 19:00:00,10.306,10.5368,10.2451,10.4596,2214163450.0
2022-03-20 20:00:00,10.4595,10.6657,10.36,10.5689,1046233570.0
2022-03-20 21:00:00,10.5716,10.6104,10.2416,10.2732,1015334120.0
2022-03-20 22:00:00,10.2718,10.4546,10.2021,10.3265,748686040.0
2022-03-20 23:00:00,10.3283,10.39,9.8,9.8286,2510012810.0
2022-03-21 00:00:00,9.8206,9.9333,9.5047,9.6302,2973543390.0
2022-03-21 01:00:00,9.6291,10.288,9.6191,9.815,3878117270.0
2022-03-21 02:00:00,9.8122,9.9701,9.5684,9.9357,2751517030.0
2022-03-21 03:00:00,9.9337,10.35,9.79,10.1064,4110335040.0
2022-03-21 04:00:00,10.115,10.2746,9.8057,10.2428,1975544140.0
2022-03-21 05:00:00,10.2427,10.3984,10.0608,10.0982,2612439310.0
2022-03-21 06:00:00,10.0984,10.6987,10.0878,10.5433,3038847490.0
2022-03-21 07:00:00,10.5358,10.7845,10.4201,10.4643,2920540880.0
2022-03-21 08:00:00,10.4681,11.0079,10.42,10.8156,3537931920.0
2022-03-21 09:00:00,10.8224,10.95,10.5303,10.6399,2535484470.0
2022-03-21 10:00:00,10.6387,10.7586,10.234,10.3927,2623152130.0
2022-03-21 11:00:00,10.3936,10.622,10.36,10.5187,1578919810.0
2022-03-21 12:00:00,10.516,10.7238,10.4516,10.6328,1288858770.0
2022-03-21 13:00:00,10.6298,10.6818,10.2432,10.3713,1985268350.0
2022-03-21 14:00:00,10.3774,10.4031,9.9525,10.0442,2035373540.0
2022-03-21 15:00:00,10.0452,10.2,9.96,10.1554,1341673600.0
2022-03-21 16:00:00,10.1588,10.3288,10.1545,10.2148,1178431990.0
2022-03-21 17:00:00,10.2117,10.3277,10.0023,10.0657,937200080.0
2022-03-21 18:00:00,10.0711,10.245,10.0076,10.0646,735396200.0
2022-03-21 19:00:00,10.0654,10.1096,9.7019,9.8036,1848623660.0
2022-03-21 20:00:00,9.8052,9.945,9.7421,9.8863,870393030.0
2022-03-21 21:00:00,9.8834,9.9571,9.7618,9.9018,589125490.0
2022-03-21 22:00:00,9.9024,10.25,9.8903,10.1953,1524694320.0
2022-03-21 23:00:00,10.1958,10.6198,10.1704,10.6098,2055645020.0
2022-03-22 00:00:00,10.6095,10.8364,10.3777,10.5042,2436872660.0
2022-03-22 01:00:00,10.5109,10.64,10.205,10.3719,1678318580.0
2022-03-22 02:00:00,10.3655,11.0288,10.3132,10.794,3763073270.0
2022-03-22 03:00:00,10.7976,11.3566,10.6579,11.1051,3132711730.0
2022-03-22 04:00:00,11.1087,11.6429,11.105,11.3063,3202708220.0
2022-03-22 05:00:00,11.3088,11.4959,11.0463,11.3,2002518150.0
2022-03-22 06:00:00,11.2992,11.4572,10.9968,11.0177,1856215580.0
2022-03-22 07:00:00,11.0154,11.0417,10.7232,10.8694,1700692830.0
2022-03-22 08:00:00,10.87,11.0466,10.7161,10.7561,1005728500.0
2022-03-22 09:00:00,10.7568,10.8939,10.5661,10.7822,1561174240.0
2022-03-22 10:00:00,10.7862,10.8938,10.714,10.847,704138470.0
2022-03-22 11:00:00,10.847,10.9307,10.72,10.7787,600234830.0
2022-03-22 12:00:00,10.7767,10.9067,10.7434,10.8678,509943910.0
2022-03-22 13:00:00,10.8705,10.8886,10.5679,10.7125,828479550.0
2022-03-22 14:00:00,10.7153,10.75,10.59,10.6618,605229960.0
2022-03-22 15:00:00,10.6624,10.905,10.6522,10.8286,810281950.0
2022-03-22 16:00:00,10.8278,10.985,10.6718,10.9221,912925460.0
2022-03-22 17:00:00,10.9263,11.4,10.9263,11.3256,2925291300.0
2022-03-22 18:00:00,11.3246,11.8358,11.2825,11.69,3230718540.0
2022-03-22 19:00:00,11.69,11.7496,11.3928,11.7347,1935335720.0
2022-03-22 20:00:00,11.7378,12.5857,11.6571,12.2773,5967258410.0
2022-03-22 21:00:00,12.2747,12.4166,11.876,11.9858,2935827880.0
2022-03-22 22:00:00,11.9867,12.25,11.8273,11.929,1636671730.0
2022-03-22 23:00:00,11.9326,12.35,11.8951,12.1071,2037035780.0
2022-03-23 00:00:00,12.11,12.46,12.0252,12.217,2026067030.0
2022-03-23 01:00:00,12.2167,12.8476,12.0826,12.4165,3823134340.0
2022-03-23 02:00:00,12.4112,12.4425,11.6905,11.9725,3505221280.0
2022-03-23 03:00:00,11.968,12.0647,11.7074,11.8442,1097500210.0
2022-03-23 04:00:00,11.8402,11.8985,11.59,11.7292,1117931820.0
2022-03-23 05:00:00,11.7205,11.8482,11.5005,11.7968,1153193580.0
2022-03-23 06:00:00,11.7965,12.2278,11.7001,12.1111,1684876730.0
2022-03-23 07:00:00,12.1064,12.3411,11.9,12.0678,1624215110.0
2022-03-23 08:00:00,12.0665,12.1362,11.8642,11.9674,1449551280.0
2022-03-23 09:00:00,11.967,12.1181,11.8235,11.9542,904209530.0
2022-03-23 10:00:00,11.9528,12.2549,11.9312,12.1955,1405219480.0
2022-03-23 11:00:00,12.1972,12.2888,12.0314,12.0386,1207650960.0
2022-03-23 12:00:00,12.042,12.13,11.897,12.0777,736288830.0
2022-03-23 13:00:00,12.0815,12.1886,11.9305,12.1375,789493610.0
2022-03-23 14:00:00,12.1375,12.5552,12.1229,12.2972,2637723220.0
2022-03-23 15:00:00,12.2953,13.1479,12.2331,12.9501,4897002850.0
2022-03-23 16:00:00,12.9545,13.4,12.9158,13.2629,4230788490.0
2022-03-23 17:00:00,13.2687,13.4847,12.965,13.2347,3035892730.0
2022-03-23 18:00:00,13.2345,13.3998,12.705,12.84,2113271190.0
2022-03-23 19:00:00,12.8402,13.1399,12.6301,13.0316,1819266460.0
2022-03-23 20:00:00,13.032,13.2633,13.0,13.1806,1393689060.0
2022-03-23 21:00:00,13.1858,13.5083,13.0724,13.1547,1920619800.0
2022-03-23 22:00:00,13.1518,13.1996,12.9038,13.0515,818688040.0
2022-03-23 23:00:00,13.0546,13.35,12.9923,13.0117,1146259070.0
2022-03-24 00:00:00,13.0129,13.42,12.9466,13.312,1074193780.0
2022-03-24 01:00:00,13.3077,13.8754,13.138,13.6714,2567482240.0
2022-03-24 02:00:00,13.6676,13.75,13.3122,13.6928,1501308830.0
2022-03-24 03:00:00,13.6868,14.0599,13.4993,13.8524,2414735520.0
2022-03-24 04:00:00,13.8499,14.068,13.6208,13.6381,1912926380.0
2022-03-24 05:00:00,13.6377,13.855,13.5779,13.7142,1051604149.9999999
2022-03-24 06:00:00,13.7106,14.1103,13.65,14.0394,1476462120.0
2022-03-24 07:00:00,14.0395,14.2845,13.943,14.1034,1867863270.0
2022-03-24 08:00:00,14.1018,14.5,14.0394,14.3601,2074542080.0
2022-03-24 09:00:00,14.36,14.4982,14.0634,14.1035,2112790890.0000002
2022-03-24 10:00:00,14.103,14.3,13.6,13.9499,2330436240.0
2022-03-24 11:00:00,13.9501,13.9565,13.5887,13.7619,2191957680.0
2022-03-24 12:00:00,13.763,13.9431,13.4203,13.5485,1629427860.0
2022-03-24 13:00:00,13.5453,13.6574,13.2146,13.38,2116241359.9999998
2022-03-24 14:00:00,13.3857,13.5499,13.244,13.495,1595682920.0
2022-03-24 15:00:00,13.4957,13.5782,13.05,13.3953,2537743450.0
2022-03-24 16:00:00,13.3954,13.6974,13.2764,13.6708,1499213930.0
2022-03-24 17:00:00,13.6708,13.77,13.3901,13.6599,1214937360.0
2022-03-24 18:00:00,13.6599,13.6864,13.2619,13.2809,1193116370.0
2022-03-24 19:00:00,13.2809,13.4661,13.2334,13.3101,784052000.0
2022-03-24 20:00:00,13.3104,13.5454,13.275,13.5022,688744610.0
2022-03-24 21:00:00,13.4987,13.6616,13.4259,13.5661,681398550.0
2022-03-24 22:00:00,13.5696,13.6087,13.383,13.5171,401154240.0
2022-03-24 23:00:00,13.5177,13.5212,13.2545,13.36,429909850.0
2022-03-25 00:00:00,13.36,13.3889,12.77,12.9032,1577531950.0
2022-03-25 01:00:00,12.8973,13.124,12.6559,13.0278,1695996170.0
2022-03-25 02:00:00,13.0272,13.0881,12.7693,13.0118,992768960.0
2022-03-25 03:00:00,13.0114,13.0321,12.6865,12.8223,1026125180.0
2022-03-25 04:00:00,12.8196,12.9797,12.7623,12.93,671276550.0
2022-03-25 05:00:00,12.9328,13.143,12.905,13.05,911511430.0
2022-03-25 06:00:00,13.0506,13.065,12.83,12.9357,585634530.0
2022-03-25 07:00:00,12.9356,13.44,12.9334,13.2543,1673750840.0
2022-03-25 08:00:00,13.259,13.4961,13.171,13.2718,1081692080.0
2022-03-25 09:00:00,13.2702,13.3741,13.0027,13.3607,979645910.0
2022-03-25 10:00:00,13.3562,13.363,13.1433,13.2641,693962350.0
2022-03-25 11:00:00,13.2697,13.3299,13.0971,13.192,465233790.0
2022-03-25 12:00:00,13.1893,13.4195,13.177,13.3499,707789760.0
2022-03-25 13:00:00,13.3496,13.6,13.2213,13.5887,899041920.0
2022-03-25 14:00:00,13.5838,13.6977,13.4,13.4915,1085218610.0
2022-03-25 15:00:00,13.4884,13.5532,13.28,13.4869,779520910.0
2022-03-25 16:00:00,13.487,13.49,12.8528,12.9712,1762403760.0
2022-03-25 17:00:00,12.9698,13.1194,12.6534,12.7043,1280150530.0
2022-03-25 18:00:00,12.7066,12.8161,12.3861,12.6156,1559511790.0
2022-03-25 19:00:00,12.6196,12.87,12.6145,12.8162,777980500.0
2022-03-25 20:00:00,12.8138,12.833,12.4066,12.6105,898238710.0
2022-03-25 21:00:00,12.6112,12.7591,12.5501,12.6968,451541380.0
2022-03-25 22:00:00,12.7016,12.7497,12.5221,12.6516,312090610.0
2022-03-25 23:00:00,12.6528,12.6694,12.2316,12.3579,1041422510.0
2022-03-26 00:00:00,12.3567,12.4736,12.2844,12.3861,554772780.0
2022-03-26 01:00:00,12.3864,12.7,12.3535,12.5101,914508800.0
2022-03-26 02:00:00,12.5169,12.7952,12.45,12.7203,505465930.0
2022-03-26 03:00:00,12.7196,13.0,12.6682,12.9447,948386300.0
2022-03-26 04:00:00,12.9382,12.975,12.768,12.8077,577550150.0
2022-03-26 05:00:00,12.8093,12.9437,12.7324,12.7641,340253940.0
2022-03-26 06:00:00,12.7674,13.0968,12.7098,13.0224,671319550.0
2022-03-26 07:00:00,13.0223,13.2688,12.963,13.053,1067757159.9999999
2022-03-26 08:00:00,13.0555,13.131,12.9191,13.0141,640427800.0
2022-03-26 09:00:00,13.0142,13.1121,12.8763,12.9198,489458920.0
2022-03-26 10:00:00,12.9196,12.98,12.8355,12.8854,480029420.0
2022-03-26 11:00:00,12.8854,12.9,12.6919,12.86,681221030.0
2022-03-26 12:00:00,12.8563,12.94,12.73,12.73,461495330.0
2022-03-26 13:00:00,12.731,12.9,12.6044,12.8363,1092277180.0
2022-03-26 14:00:00,12.8316,12.95,12.8,12.933,540761560.0
2022-03-26 15:00:00,12.9379,13.66,12.9061,13.6312,3447268580.0
2022-03-26 16:00:00,13.6312,13.7738,13.3815,13.5402,2573683550.0
2022-03-26 17:00:00,13.5451,14.15,13.4501,14.0632,3274564650.0
2022-03-26 18:00:00,14.0605,14.2499,13.8974,13.968,2330711030.0
2022-03-26 19:00:00,13.9737,14.0662,13.6904,14.0204,1496091290.0
2022-03-26 20:00:00,14.0202,14.0377,13.8112,13.8915,657408590.0
2022-03-26 21:00:00,13.8907,13.998,13.7061,13.8213,857632930.0
2022-03-26 22:00:00,13.8171,13.849,13.575,13.6227,574337750.0
2022-03-26 23:00:00,13.6229,13.7657,13.5201,13.61,602826840.0
2022-03-27 00:00:00,13.61,13.9194,13.6,13.8287,746360260.0
2022-03-27 01:00:00,13.8288,13.88,13.52,13.5353,749489160.0
2022-03-27 03:00:00,13.5371,13.6272,13.295,13.4425,1009944830.0
2022-03-27 04:00:00,13.4341,13.61,13.3569,13.5647,465425630.0
2022-03-27 05:00:00,13.5648,13.684,13.4597,13.517,444154210.0
2022-03-27 06:00:00,13.52,13.6491,13.4,13.4621,379662490.0
2022-03-27 07:00:00,13.4577,13.5389,13.3698,13.4984,511767340.0
2022-03-27 08:00:00,13.4984,14.0799,13.4966,13.9055,1775564390.0
2022-03-27 09:00:00,13.9034,14.2415,13.861,14.1391,1741280520.0
2022-03-27 10:00:00,14.1433,14.3568,13.9822,14.2561,1884460580.0
2022-03-27 11:00:00,14.2542,14.2542,13.9322,13.9417,1205591570.0
2022-03-27 12:00:00,13.9464,14.065,13.8276,13.8501,960632190.0
2022-03-27 13:00:00,13.8505,14.0273,13.7202,13.9821,779857940.0
2022-03-27 14:00:00,13.9821,14.0593,13.7211,13.7284,948136050.0
2022-03-27 15:00:00,13.7268,13.9978,13.5254,13.9443,1357491470.0
2022-03-27 16:00:00,13.9457,14.0403,13.8001,13.8376,842123270.0
2022-03-27 17:00:00,13.8376,14.1635,13.78,13.9398,1052970510.0
2022-03-27 18:00:00,13.9413,14.0427,13.801,13.9457,971411870.0
2022-03-27 19:00:00,13.9483,14.1135,13.9,13.9504,707333670.0
2022-03-27 20:00:00,13.95,14.0097,13.9,13.9412,355586350.0
2022-03-27 21:00:00,13.9538,13.9899,13.7047,13.7441,597954270.0
2022-03-27 22:00:00,13.7441,13.9509,13.659,13.9508,601125860.0
2022-03-27 23:00:00,13.9509,14.2,13.7937,14.1809,806327760.0
2022-03-28 00:00:00,14.1871,14.26,13.9977,14.1371,611794470.0
2022-03-28 01:00:00,14.14,14.3,14.0345,14.27,603704910.0
2022-03-28 02:00:00,14.2702,14.9899,14.197,14.9782,3434584430.0
2022-03-28 03:00:00,14.9758,15.417,14.7324,15.3084,2433888250.0
2022-03-28 04:00:00,15.3177,15.52,15.1555,15.4776,1578021060.0
2022-03-28 05:00:00,15.4882,15.5571,15.1208,15.2514,1377930500.0
2022-03-28 06:00:00,15.2499,15.2925,15.0404,15.28,1082285230.0
2022-03-28 07:00:00,15.286,15.34,14.8885,14.946,1248053060.0
2022-03-28 08:00:00,14.9461,14.9993,14.8001,14.8973,1096476030.0
2022-03-28 09:00:00,14.896,14.9453,14.638,14.6914,1009827990.0
2022-03-28 10:00:00,14.6913,15.089,14.6367,15.0222,1370253500.0
2022-03-28 11:00:00,15.0222,15.17,14.9,15.0375,963140460.0
2022-03-28 12:00:00,15.0355,15.1218,14.8244,14.9047,748244150.0
2022-03-28 13:00:00,14.904,15.45,14.8817,15.4231,1576394500.0
2022-03-28 14:00:00,15.4178,15.5,14.88,14.9999,2099778009.9999998
2022-03-28 15:00:00,14.9999,15.1666,14.95,15.07,1113430670.0
2022-03-28 16:00:00,15.076,15.0767,14.6001,14.98,1440222380.0
2022-03-28 17:00:00,14.9799,15.1105,14.775,14.7919,751614660.0
2022-03-28 18:00:00,14.7944,15.0346,14.705,14.9316,758598170.0
2022-03-28 19:00:00,14.9319,15.0923,14.8147,15.0196,623511520.0
2022-03-28 20:00:00,15.0281,15.2255,14.933,15.1642,674392380.0
2022-03-28 21:00:00,15.1653,15.2299,14.9,14.9799,602039570.0
2022-03-28 22:00:00,14.9735,15.0438,14.85,14.9295,371404360.0
2022-03-28 23:00:00,14.9288,15.15,14.695,14.9109,722542250.0
2022-03-29 00:00:00,14.912,14.9269,14.37,14.4562,1267153500.0
2022-03-29 01:00:00,14.4556,14.6151,13.888,14.0275,1531682080.0
2022-03-29 02:00:00,14.0269,14.222,13.65,14.0638,2219897250.0
2022-03-29 03:00:00,14.063,14.3395,14.02,14.2808,656185100.0
2022-03-29 04:00:00,14.2848,14.3283,14.1001,14.1238,585422150.0
2022-03-29 05:00:00,14.1226,14.4329,14.0612,14.2329,526883770.0
2022-03-29 06:00:00,14.2299,14.4999,14.1626,14.4558,566320150.0
2022-03-29 07:00:00,14.4504,14.5676,14.3379,14.4235,536067069.99999994
2022-03-29 08:00:00,14.4183,14.452,14.208,14.3295,511752290.0
2022-03-29 09:00:00,14.33,14.3304,13.9,14.0391,1036577280.0
2022-03-29 10:00:00,14.039,14.2868,14.0189,14.265,397705030.0
2022-03-29 11:00:00,14.2625,14.4697,14.1496,14.2151,522970330.0
2022-03-29 12:00:00,14.2151,14.2996,14.0591,14.2295,387476940.0
2022-03-29 13:00:00,14.229,14.3797,14.1939,14.3237,375686280.0
2022-03-29 14:00:00,14.3261,14.5437,14.2487,14.3831,813741220.0
2022-03-29 15:00:00,14.3859,14.44,14.0209,14.143,804683950.0
2022-03-29 16:00:00,14.14,14.2422,14.0636,14.1302,697470050.0
2022-03-29 17:00:00,14.131,14.28,13.709,13.8464,1194288900.0
2022-03-29 18:00:00,13.8436,13.9238,13.3333,13.8002,1899112820.0
2022-03-29 19:00:00,13.7995,13.8553,13.551,13.8216,786750070.0
2022-03-29 20:00:00,13.819,13.9329,13.7011,13.7609,458236050.0
2022-03-29 21:00:00,13.765,14.0,13.74,13.9082,439900100.0
2022-03-29 22:00:00,13.9066,13.9598,13.58,13.6643,789543740.0
2022-03-29 23:00:00,13.6657,13.7528,13.4352,13.5253,787815470.0
2022-03-30 00:00:00,13.5255,13.665,13.3511,13.607,613665080.0
2022-03-30 01:00:00,13.604,13.7713,13.5544,13.595,493854850.0
2022-03-30 02:00:00,13.595,13.84,13.4654,13.6309,758897170.0
2022-03-30 03:00:00,13.6338,13.6562,13.0385,13.2332,1341435820.0
2022-03-30 04:00:00,13.2288,13.4293,13.1829,13.3214,870811310.0
2022-03-30 05:00:00,13.3186,13.4094,13.2211,13.371,526584579.99999994
2022-03-30 06:00:00,13.37,13.4755,13.2071,13.3293,449084200.0
2022-03-30 07:00:00,13.3277,14.1309,13.2578,14.1063,1829545820.0
2022-03-30 08:00:00,14.1062,14.4018,14.0,14.3702,2118784980.0
2022-03-30 09:00:00,14.3702,14.5001,14.123,14.1893,1684434780.0
2022-03-30 10:00:00,14.182,14.2448,13.847,14.1533,1131663330.0
2022-03-30 11:00:00,14.1533,14.1662,13.8101,14.1111,1204327770.0
2022-03-30 12:00:00,14.113,14.2994,14.0,14.1101,812977020.0
2022-03-30 13:00:00,14.1113,14.5805,14.0952,14.401,1663735280.0
2022-03-30 14:00:00,14.4011,14.42,14.1205,14.2566,647935630.0
2022-03-30 15:00:00,14.2566,14.2662,13.9,13.9558,916247720.0
2022-03-30 16:00:00,13.9553,14.0447,13.8011,13.9453,772590430.0
2022-03-30 17:00:00,13.9466,13.988,13.658,13.9598,935538170.0
2022-03-30 18:00:00,13.96,14.2087,13.8548,14.1154,598470770.0
2022-03-30 19:00:00,14.1129,14.2592,13.94,14.1587,659013450.0
2022-03-30 20:00:00,14.1634,14.1999,13.8301,13.8623,441683240.0
2022-03-30 21:00:00,13.8624,13.9433,13.7029,13.8728,467328910.0
2022-03-30 22:00:00,13.8751,13.9087,13.686,13.8578,374918140.0
2022-03-30 23:00:00,13.8598,13.8999,13.66,13.7883,317096360.0
2022-03-31 00:00:00,13.7911,13.9465,13.7303,13.8661,258077170.0
2022-03-31 01:00:00,13.8664,14.2471,13.8131,14.2103,542790690.0
2022-03-31 02:00:00,14.2102,14.3988,14.02,14.0816,1010292450.0
2022-03-31 03:00:00,14.0791,14.3152,14.079,14.2697,508238980.0
2022-03-31 04:00:00,14.2713,14.303,13.89,13.9108,621837790.0
2022-03-31 05:00:00,13.9108,14.05,13.8598,14.042,464776790.0
2022-03-31 06:00:00,14.0421,14.112,13.8101,13.8934,406208200.0
2022-03-31 07:00:00,13.8932,14.0435,13.8625,13.9617,279319060.0
2022-03-31 08:00:00,13.9683,14.0427,13.9,13.9315,316823340.0
2022-03-31 09:00:00,13.9343,13.967,13.84,13.9092,331482050.0
2022-03-31 10:00:00,13.9078,14.017,13.7686,13.8545,493287090.0
2022-03-31 11:00:00,13.8525,13.91,13.7702,13.9081,349472780.0
2022-03-31 12:00:00,13.908,14.03,13.84,13.9778,383897700.0
2022-03-31 13:00:00,13.9785,14.0066,13.8009,13.8548,318293270.0
2022-03-31 14:00:00,13.8583,14.1114,13.8,14.0219,895608180.0
2022-03-31 15:00:00,14.0192,14.0919,13.5,13.6324,956362720.0
2022-03-31 16:00:00,13.6384,13.6435,12.51,13.3124,3849988690.0
2022-03-31 17:00:00,13.321,13.38,13.0097,13.1073,1141294190.0
2022-03-31 18:00:00,13.0933,13.1507,12.6392,12.7774,1581326460.0
2022-03-31 19:00:00,12.7756,12.9578,12.7507,12.912,722533340.0
2022-03-31 20:00:00,12.9153,12.9899,12.6836,12.9571,462964940.0
2022-03-31 21:00:00,12.9574,12.9897,12.6553,12.692,478428160.0
2022-03-31 22:00:00,12.6951,12.9316,12.6825,12.8443,496011940.0
2022-03-31 23:00:00,12.8413,12.922,12.7605,12.785,330190270.0
2022-04-01 00:00:00,12.7839,12.9155,12.76,12.8601,260715570.0
2022-04-01 01:00:00,12.86,12.88,12.5,12.7025,626872780.0
2022-04-01 02:00:00,12.704,12.9554,12.6576,12.9152,475165100.0
2022-04-01 03:00:00,12.9073,12.9073,12.6038,12.622,386812280.0
2022-04-01 04:00:00,12.627,12.7641,12.2364,12.3242,1037908700.0
2022-04-01 05:00:00,12.3252,12.6362,12.2409,12.6359,563060240.0
2022-04-01 06:00:00,12.636,12.7884,12.5953,12.5953,362498040.0
2022-04-01 07:00:00,12.5953,12.7012,12.5,12.5338,311707960.0
2022-04-01 08:00:00,12.5303,12.7851,12.5,12.7054,526960199.99999994
2022-04-01 09:00:00,12.7054,12.7924,12.5,12.7812,960905800.0
2022-04-01 10:00:00,12.7811,12.9517,12.7512,12.8165,486232700.0
2022-04-01 11:00:00,12.8165,13.05,12.75,12.86,509784670.0
2022-04-01 12:00:00,12.8504,12.8909,12.7208,12.7936,416664750.0
2022-04-01 13:00:00,12.7944,12.8325,12.63,12.6651,460869270.0
2022-04-01 14:00:00,12.6651,12.7406,12.3863,12.6788,719701040.0
2022-04-01 15:00:00,12.674,12.9482,12.6733,12.8827,530259839.99999994
2022-04-01 16:00:00,12.8798,13.49,12.8782,13.365,1419072790.0
2022-04-01 17:00:00,13.3588,13.6,13.3067,13.3362,1026911060.0
2022-04-01 18:00:00,13.3363,13.3734,13.0501,13.0614,633387500.0
2022-04-01 19:00:00,13.0577,13.2848,13.0295,13.2043,354564650.0
2022-04-01 20:00:00,13.2048,13.2727,13.1059,13.138,247599570.0
2022-04-01 21:00:00,13.1375,13.2154,13.055,13.1859,183105930.0
2022-04-01 22:00:00,13.1822,13.2576,13.1016,13.1193,186766040.0
2022-04-01 23:00:00,13.1195,13.186,12.9109,13.0061,215764590.0
2022-04-02 00:00:00,13.0059,13.0656,12.6864,12.799,667942700.0
2022-04-02 01:00:00,12.799,12.855,12.657,12.8185,292070770.0
2022-04-02 02:00:00,12.8237,12.9666,12.4882,12.8946,1037359280.0
2022-04-02 03:00:00,12.8907,13.0344,12.768,13.0341,452695650.0
2022-04-02 04:00:00,13.0343,13.2573,12.9629,12.9821,764800190.0
2022-04-02 05:00:00,12.9871,13.0768,12.8485,12.9929,406540650.0
2022-04-02 06:00:00,12.9976,13.1,12.8635,13.0799,265675830.00000003
2022-04-02 07:00:00,13.0761,13.0913,12.98,13.0123,236422240.0
2022-04-02 08:00:00,13.0153,13.2101,12.9791,13.1156,415775970.0
2022-04-02 09:00:00,13.1101,13.1606,12.9713,13.0338,303706630.0
2022-04-02 10:00:00,13.0354,13.1756,12.9884,13.1097,341432010.0
2022-04-02 11:00:00,13.1055,13.569,13.0545,13.4928,1371923730.0
2022-04-02 12:00:00,13.4928,13.8169,13.3011,13.6806,1363178960.0
2022-04-02 13:00:00,13.6806,13.7921,13.4528,13.5021,625136010.0
2022-04-02 14:00:00,13.5029,13.7276,13.3425,13.5501,875990080.0
2022-04-02 15:00:00,13.5464,13.6897,13.4647,13.4756,449598440.0
2022-04-02 16:00:00,13.4756,13.5035,13.1484,13.268,787174450.0
2022-04-02 17:00:00,13.2723,13.2765,12.67,12.7901,1606699890.0
2022-04-02 18:00:00,12.7878,12.9468,12.7,12.8569,549666750.0
2022-04-02 19:00:00,12.8575,13.0274,12.7946,12.8891,401714870.0
2022-04-02 20:00:00,12.8835,12.9491,12.52,12.6231,749709900.0
2022-04-02 21:00:00,12.6232,12.8123,12.6039,12.7213,255783650.0
2022-04-02 22:00:00,12.7146,12.82,12.65,12.8024,257194350.0
2022-04-02 23:00:00,12.7955,12.8092,12.6,12.7462,228738040.0
2022-04-03 00:00:00,12.7421,12.7878,12.5515,12.613,197301650.0
2022-04-03 01:00:00,12.6129,12.6353,12.3553,12.4238,514513960.0
2022-04-03 02:00:00,12.4221,12.65,12.3754,12.6399,409643820.0
2022-04-03 03:00:00,12.6332,12.6486,12.33,12.5452,358908580.0
2022-04-03 04:00:00,12.54,12.6025,12.3707,12.4,418607810.0
2022-04-03 05:00:00,12.4,12.6081,12.382,12.5649,430693520.0
2022-04-03 06:00:00,12.5699,12.6888,12.5183,12.6851,247151150.0
2022-04-03 07:00:00,12.6826,12.7462,12.6004,12.6837,227733960.0
2022-04-03 08:00:00,12.6841,12.8,12.6549,12.75,218239740.0
2022-04-03 09:00:00,12.7501,12.7858,12.6053,12.7044,305807210.0
2022-04-03 10:00:00,12.7035,12.7555,12.5095,12.601,313318480.0
2022-04-03 11:00:00,12.6032,12.7552,12.5457,12.6921,248236940.0
2022-04-03 12:00:00,12.6974,12.7659,12.6305,12.6758,176588780.0
2022-04-03 13:00:00,12.6758,12.7499,12.5957,12.7029,227124960.0
2022-04-03 14:00:00,12.7024,12.923,12.65,12.8211,326135480.0
2022-04-03 15:00:00,12.8214,12.8426,12.6684,12.7125,387321410.0
2022-04-03 16:00:00,12.7057,12.7245,12.35,12.6142,801216750.0
2022-04-03 17:00:00,12.6145,12.696,12.5323,12.6093,405244710.0
2022-04-03 18:00:00,12.6094,12.67,12.2303,12.3489,1275842390.0
2022-04-03 19:00:00,12.3489,12.4822,11.8621,12.1494,1510225870.0
2022-04-03 20:00:00,12.1492,12.2148,11.9745,12.1215,482395470.0
2022-04-03 21:00:00,12.1254,12.1858,12.0124,12.0891,296083800.0
2022-04-03 22:00:00,12.0905,12.2313,12.052,12.0734,191389420.0
2022-04-03 23:00:00,12.0701,12.3258,12.0559,12.3258,246266020.0
2022-04-04 00:00:00,12.3257,12.4488,12.25,12.3411,338581070.0
2022-04-04 01:00:00,12.341,12.4902,12.2186,12.3824,290001430.0
2022-04-04 02:00:00,12.3874,12.422,12.1001,12.184,406352180.0
2022-04-04 03:00:00,12.1909,12.32,12.1461,12.276,197540060.0
2022-04-04 04:00:00,12.2694,12.4,12.2232,12.3759,295568400.0
2022-04-04 05:00:00,12.3759,12.4,12.25,12.2644,199531280.0
2022-04-04 06:00:00,12.2636,12.3477,12.1301,12.2896,209028570.0
2022-04-04 07:00:00,12.2908,12.2908,12.183,12.2736,130154160.0
2022-04-04 08:00:00,12.2776,12.3242,12.22,12.2992,126288700.0
2022-04-04 09:00:00,12.2969,12.2998,12.1643,12.199,282484350.0
2022-04-04 10:00:00,12.1984,12.2,12.0269,12.0771,297517430.0
2022-04-04 11:00:00,12.08,12.124,11.9071,11.9646,444900000.0
2022-04-04 12:00:00,11.9701,12.0,11.6656,11.8491,750479610.0
2022-04-04 13:00:00,11.8498,11.9301,11.7797,11.9099,246856440.0
2022-04-04 14:00:00,11.9119,12.056,11.8006,11.8601,369634780.0
2022-04-04 15:00:00,11.8601,12.0,11.8,11.9766,345569420.0
2022-04-04 16:00:00,11.9739,12.0395,11.82,11.8501,268427620.0
2022-04-04 17:00:00,11.8516,11.9,11.4815,11.5766,1095968990.0
2022-04-04 18:00:00,11.5799,11.71,11.524,11.6063,476379690.0
2022-04-04 19:00:00,11.6063,11.6461,11.1357,11.4147,969664350.0
2022-04-04 20:00:00,11.415,11.4897,11.1901,11.4318,425708870.0
2022-04-04 21:00:00,11.4333,11.77,11.4333,11.743,410563620.0
2022-04-04 22:00:00,11.7449,11.9965,11.6745,11.811,457853020.0
2022-04-04 23:00:00,11.8111,11.9444,11.7769,11.9098,228002580.0
2022-04-05 00:00:00,11.9128,12.125,11.8587,12.0097,370748250.0
2022-04-05 01:00:00,12.0149,12.087,11.9205,11.9325,272044210.0
2022-04-05 02:00:00,11.9317,12.0483,11.8368,11.85,254951570.0
2022-04-05 03:00:00,11.8532,12.0249,11.788,11.9594,234984020.0
2022-04-05 04:00:00,11.9657,12.2135,11.9657,12.1,375772710.0
2022-04-05 05:00:00,12.0965,12.3,12.0964,12.2886,419222100.0
2022-04-05 06:00:00,12.2932,12.4485,12.2187,12.2663,582216600.0
2022-04-05 07:00:00,12.2709,12.4135,12.25,12.2523,438263580.0
2022-04-05 08:00:00,12.2519,12.2908,12.1012,12.112,213466910.0
2022-04-05 09:00:00,12.1155,12.2652,12.01,12.2464,318474270.0
2022-04-05 10:00:00,12.2437,12.67,12.1578,12.5943,977520930.0
2022-04-05 11:00:00,12.5943,12.75,12.4,12.4363,862728040.0
2022-04-05 12:00:00,12.4361,12.6653,12.4255,12.6092,511136120.0
2022-04-05 13:00:00,12.61,12.7193,12.5247,12.6146,503844920.0
2022-04-05 14:00:00,12.6149,12.7953,12.504,12.5532,661514640.0
2022-04-05 15:00:00,12.5546,12.6298,12.2377,12.332,889653660.0
2022-04-05 16:00:00,12.332,12.35,12.0163,12.1567,785144090.0
2022-04-05 17:00:00,12.1567,12.2787,12.07,12.1183,336821490.0
2022-04-05 18:00:00,12.118,12.2941,11.9059,12.1257,725421790.0
2022-04-05 19:00:00,12.123,12.15,11.808,11.9336,519260270.0
2022-04-05 20:00:00,11.9288,11.9889,11.703,11.7887,537190740.0
2022-04-05 21:00:00,11.7888,11.8418,11.5144,11.8034,728017790.0
2022-04-05 22:00:00,11.8034,11.9287,11.6402,11.7374,481523280.0
2022-04-05 23:00:00,11.7372,11.8751,11.68,11.8213,232257340.0
2022-04-06 00:00:00,11.8244,11.9252,11.7724,11.8493,194852450.0
2022-04-06 01:00:00,11.8491,11.8748,11.5101,11.6299,368501280.0
2022-04-06 02:00:00,11.6298,11.653,11.22,11.5165,1114944490.0
2022-04-06 03:00:00,11.5128,11.9206,11.5083,11.6947,841746360.0
2022-04-06 04:00:00,11.6948,11.8272,11.5602,11.6087,296573590.0
2022-04-06 05:00:00,11.6124,11.8107,11.59,11.7015,265076680.0
2022-04-06 06:00:00,11.6974,11.9922,11.6094,11.9555,494159260.0
2022-04-06 07:00:00,11.9562,12.0179,11.8414,11.9,401677120.0
2022-04-06 08:00:00,11.9023,11.915,11.75,11.894,456028410.0
2022-04-06 09:00:00,11.8997,12.038,11.627,11.7372,545615430.0
2022-04-06 10:00:00,11.7284,11.8395,11.5784,11.7179,412488390.0
2022-04-06 11:00:00,11.718,11.7245,11.53,11.6604,402930880.0
2022-04-06 12:00:00,11.6584,11.6867,11.386,11.411,484139410.0
2022-04-06 13:00:00,11.4182,11.4603,11.22,11.2535,1264333190.0
2022-04-06 14:00:00,11.2491,11.3276,11.22,11.22,688642010.0
2022-04-06 15:00:00,11.22,11.2203,10.725,10.8761,2138202779.9999998
2022-04-06 16:00:00,10.8728,11.0881,10.72,10.9854,1065035950.0
2022-04-06 17:00:00,10.9799,11.0104,10.72,10.8825,829026580.0
2022-04-06 18:00:00,10.8804,10.9527,10.6001,10.7026,748452000.0
2022-04-06 19:00:00,10.6962,10.8292,10.515,10.7793,637784520.0
2022-04-06 20:00:00,10.7847,10.9805,10.5536,10.8511,662111540.0
2022-04-06 21:00:00,10.8544,11.1191,10.8434,11.0088,578173310.0
2022-04-06 22:00:00,11.0085,11.0885,10.9458,11.0016,185747560.0
2022-04-06 23:00:00,11.0011,11.0162,10.9,10.9334,139373570.0
2022-04-07 00:00:00,10.9334,10.9346,10.6946,10.7186,266471870.0
2022-04-07 01:00:00,10.7185,10.8118,10.6,10.6597,290601360.0
2022-04-07 02:00:00,10.6602,11.0618,10.6225,10.7941,777604310.0
2022-04-07 03:00:00,10.7913,11.1955,10.7738,11.17,921199340.0
2022-04-07 04:00:00,11.1698,11.2834,10.9554,11.1667,636159780.0
2022-04-07 05:00:00,11.1677,11.2476,10.9364,11.1365,900167550.0
2022-04-07 06:00:00,11.1387,11.2985,11.0221,11.2755,311853320.0
2022-04-07 07:00:00,11.275,11.299,10.9368,11.0535,392684580.0
2022-04-07 08:00:00,11.0499,11.1369,11.0165,11.0791,186201960.0
2022-04-07 09:00:00,11.077,11.2499,11.0177,11.1489,235391910.0
2022-04-07 10:00:00,11.149,11.2026,11.0657,11.085,258851320.0
2022-04-07 11:00:00,11.086,11.1128,10.9328,11.0651,256542350.0
2022-04-07 12:00:00,11.065,11.0836,10.862,10.9621,228678870.0
2022-04-07 13:00:00,10.9597,11.2741,10.9062,11.2121,405327750.0
2022-04-07 14:00:00,11.2084,11.2925,11.04,11.083,313550220.0
2022-04-07 15:00:00,11.084,11.1507,10.955,11.1458,362994730.0
2022-04-07 16:00:00,11.1472,11.2102,10.8901,10.9175,472926770.0
2022-04-07 17:00:00,10.9167,10.9692,10.6886,10.8585,434861960.0
2022-04-07 18:00:00,10.8586,10.9598,10.7933,10.9521,288554430.0
2022-04-07 19:00:00,10.9482,11.0396,10.9022,10.9782,191262650.0
2022-04-07 20:00:00,10.9709,11.0642,10.937,11.0356,185652660.0
2022-04-07 21:00:00,11.0326,11.0968,10.9555,10.963,282832980.0
2022-04-07 22:00:00,10.9579,11.1035,10.9564,11.0324,154614480.0
2022-04-07 23:00:00,11.0324,11.0603,10.9121,11.0116,106033850.0
2022-04-08 00:00:00,11.0115,11.08,10.9807,11.0669,101781720.0
2022-04-08 01:00:00,11.0669,11.2585,11.0545,11.1757,307087890.0
2022-04-08 02:00:00,11.1748,11.26,11.0983,11.1122,316765980.0
2022-04-08 03:00:00,11.1113,11.4183,11.0858,11.311,466174300.0
2022-04-08 04:00:00,11.3166,11.6131,11.3166,11.5044,798842470.0
2022-04-08 05:00:00,11.506,11.5665,11.3312,11.3966,308328160.0
2022-04-08 06:00:00,11.3965,11.455,11.26,11.3476,385885520.0
2022-04-08 07:00:00,11.3463,11.5409,11.2729,11.4465,394480940.0
2022-04-08 08:00:00,11.4471,11.53,11.3085,11.3919,309124170.0
2022-04-08 09:00:00,11.3933,11.4822,11.1202,11.355,489105480.0
2022-04-08 10:00:00,11.3555,11.5564,11.3067,11.3108,524525360.0
2022-04-08 11:00:00,11.3099,11.393,11.217,11.2983,280548030.0
2022-04-08 12:00:00,11.2946,11.3289,11.1419,11.1645,315516680.0
2022-04-08 13:00:00,11.1644,11.1737,10.9201,10.9669,533833339.99999994
2022-04-08 14:00:00,10.9638,11.0748,10.8979,10.9145,243888570.0
2022-04-08 15:00:00,10.9181,10.9853,10.8042,10.9445,331922560.0
2022-04-08 16:00:00,10.9423,11.2133,10.9332,11.2097,408633100.0
2022-04-08 17:00:00,11.209,11.337,11.1242,11.3341,395677150.0
2022-04-08 18:00:00,11.3321,11.4922,11.1154,11.1626,466278350.0
2022-04-08 19:00:00,11.1643,11.1862,10.9781,11.0632,301793410.0
2022-04-08 20:00:00,11.0632,11.2153,10.8546,11.1441,382919240.0
2022-04-08 21:00:00,11.1441,11.1953,10.9254,11.029,148910570.0
2022-04-08 22:00:00,11.0287,11.0723,10.9033,10.9884,231744600.0
2022-04-08 23:00:00,10.9856,11.0394,10.8,10.8411,220548310.0
2022-04-09 00:00:00,10.8441,10.93,10.752,10.7689,271912780.0
2022-04-09 01:00:00,10.7677,10.8104,10.6661,10.7797,295922040.0
2022-04-09 02:00:00,10.7787,10.9443,10.752,10.9355,264086680.0
2022-04-09 03:00:00,10.9314,10.9396,10.7841,10.8953,149237040.0
2022-04-09 04:00:00,10.8923,10.895,10.73,10.7936,219846030.0
2022-04-09 05:00:00,10.7974,10.9201,10.7357,10.8876,169999030.0
2022-04-09 06:00:00,10.8887,10.9746,10.8231,10.9025,172680480.0
2022-04-09 07:00:00,10.9024,10.9888,10.882,10.9547,142557180.0
2022-04-09 08:00:00,10.9556,10.975,10.8597,10.8909,121717280.0
2022-04-09 09:00:00,10.8894,10.9214,10.8048,10.9012,124336870.0
2022-04-09 10:00:00,10.8957,10.923,10.8589,10.898,99626200.0
2022-04-09 11:00:00,10.8952,10.9417,10.87,10.8842,93073920.0
2022-04-09 12:00:00,10.8833,10.9,10.8,10.8987,136203440.0
2022-04-09 13:00:00,10.8968,10.9468,10.8569,10.8727,145647380.0
2022-04-09 14:00:00,10.8727,10.9181,10.8436,10.9025,109003520.0
2022-04-09 15:00:00,10.9025,11.0498,10.8865,10.9616,213410570.0
2022-04-09 16:00:00,10.9614,11.0099,10.8626,10.9426,187533310.0
2022-04-09 17:00:00,10.9426,10.9453,10.6,10.6648,621217600.0
2022-04-09 18:00:00,10.6619,10.8232,10.6564,10.7309,250200030.0
2022-04-09 19:00:00,10.7309,10.8727,10.7035,10.8699,170755820.0
2022-04-09 20:00:00,10.868,10.8828,10.7661,10.7701,178533260.0
2022-04-09 21:00:00,10.7667,10.8144,10.7408,10.7663,85334870.0
2022-04-09 22:00:00,10.7662,10.852,10.7315,10.7376,95321520.0
2022-04-09 23:00:00,10.7376,10.8168,10.735,10.793,59380440.0
2022-04-10 00:00:00,10.7938,10.8699,10.7772,10.8593,93388920.0
2022-04-10 01:00:00,10.8556,11.0217,10.8205,10.9757,248954860.0
2022-04-10 02:00:00,10.9758,11.0073,10.9149,10.953,140825520.0
2022-04-10 03:00:00,10.9535,11.1093,10.9421,11.0621,219305500.0
2022-04-10 04:00:00,11.063,11.2382,11.0528,11.1205,337578950.0
2022-04-10 05:00:00,11.1243,11.2886,11.0645,11.1563,354733470.0
2022-04-10 06:00:00,11.1581,11.2051,11.0375,11.0742,263162700.0
2022-04-10 07:00:00,11.0746,11.1282,10.9843,11.0061,175866760.0
2022-04-10 08:00:00,11.006,11.08,10.9452,11.0638,122634370.0
2022-04-10 09:00:00,11.0638,11.07,10.98,11.0254,107345250.0
2022-04-10 10:00:00,11.0242,11.0524,10.9829,11.037,154405390.0
2022-04-10 11:00:00,11.037,11.0379,10.8314,10.8699,197041360.0
2022-04-10 12:00:00,10.8709,10.9261,10.83,10.9073,140456170.0
2022-04-10 13:00:00,10.9107,10.9903,10.88,10.9769,89816300.0
2022-04-10 14:00:00,10.9815,11.025,10.8821,10.8962,125171410.0
2022-04-10 15:00:00,10.894,10.9633,10.8603,10.9546,95752660.0
2022-04-10 16:00:00,10.9544,11.1506,10.9091,11.1022,313354160.0
2022-04-10 17:00:00,11.1028,11.578,11.1028,11.4639,1308119290.0
2022-04-10 18:00:00,11.4646,12.0,11.4631,11.89,2368019960.0
2022-04-10 19:00:00,11.8868,12.3153,11.8584,12.119,2280085920.0
2022-04-10 20:00:00,12.121,12.37,12.0177,12.1999,1242503780.0
2022-04-10 21:00:00,12.2041,12.3,12.1263,12.2039,759407060.0
2022-04-10 22:00:00,12.2039,12.2752,12.0297,12.0698,680026130.0
2022-04-10 23:00:00,12.07,12.21,11.8888,11.9375,525877380.0
2022-04-11 00:00:00,11.9331,12.2598,11.8676,12.0443,1761805610.0
2022-04-11 01:00:00,12.0456,12.4,11.8656,12.0711,1792042960.0
2022-04-11 02:00:00,12.0738,12.2232,11.6079,11.7567,2212167930.0
2022-04-11 03:00:00,11.7567,11.97,11.7567,11.8519,964586340.0
2022-04-11 04:00:00,11.8516,11.9497,11.5005,11.6248,1063957550.0
2022-04-11 05:00:00,11.6271,11.6927,11.3595,11.3945,984457070.0
2022-04-11 06:00:00,11.3973,11.497,11.3471,11.3753,626156370.0
2022-04-11 07:00:00,11.377,11.43,11.2697,11.3297,619586700.0
2022-04-11 08:00:00,11.3308,11.4108,11.2256,11.3367,473203780.0
2022-04-11 09:00:00,11.3367,11.4409,11.3128,11.3396,499678620.0
2022-04-11 10:00:00,11.3414,11.3862,11.1512,11.1973,619005980.0
2022-04-11 11:00:00,11.2007,11.2335,10.8127,10.8132,853963330.0
2022-04-11 12:00:00,10.821,10.9822,10.7,10.8493,1038812880.0
2022-04-11 13:00:00,10.852,10.86,10.6612,10.7896,676015710.0
2022-04-11 14:00:00,10.7874,10.9373,10.7027,10.8614,573670010.0
2022-04-11 15:00:00,10.8617,11.0,10.6902,10.9966,649581820.0
2022-04-11 16:00:00,10.9932,11.1594,10.76,10.8496,1293185360.0
2022-04-11 17:00:00,10.8495,10.966,10.6937,10.7086,674821510.0
2022-04-11 18:00:00,10.7074,10.9971,10.7057,10.8892,1666420010.0
2022-04-11 19:00:00,10.8941,11.0382,10.8,10.978,791793320.0
2022-04-11 20:00:00,10.9807,11.3,10.8855,11.2362,1263490270.0
2022-04-11 21:00:00,11.2304,11.336,10.8686,11.0171,1235621220.0
2022-04-11 22:00:00,11.0149,11.1837,10.7899,10.9961,978985350.0
2022-04-11 23:00:00,10.9963,11.1696,10.9128,11.0353,743620350.0
2022-04-12 00:00:00,11.0407,11.2431,10.9921,11.068,635400370.0
2022-04-12 01:00:00,11.0615,11.1243,10.8142,10.9404,448684540.0
2022-04-12 02:00:00,10.9464,11.1124,10.8348,10.9092,575342210.0
2022-04-12 03:00:00,10.9112,10.99,10.782,10.8211,485347330.0
2022-04-12 04:00:00,10.825,10.876,10.7,10.8008,496850130.0
2022-04-12 05:00:00,10.7924,10.905,10.7681,10.8991,244040860.0
2022-04-12 06:00:00,10.8956,11.0352,10.88,11.0321,331177920.0
2022-04-12 07:00:00,11.0321,11.1374,10.9762,11.1346,391092500.0
2022-04-12 08:00:00,11.1342,11.15,10.9938,11.0248,281082400.0
2022-04-12 09:00:00,11.0247,11.1342,11.0005,11.1228,269751040.0
2022-04-12 10:00:00,11.1227,11.2781,11.0895,11.2019,462417520.0
2022-04-12 11:00:00,11.2017,11.51,11.0734,11.4637,1063892950.0
2022-04-12 12:00:00,11.4628,11.731,11.4222,11.6639,1138115070.0
2022-04-12 13:00:00,11.6639,11.7719,11.5503,11.6414,984402710.0
2022-04-12 14:00:00,11.6359,11.8,11.4435,11.6616,1360451310.0
2022-04-12 15:00:00,11.6642,12.11,11.6642,12.0401,2365133590.0
2022-04-12 16:00:00,12.0423,12.0634,11.5625,11.6168,1248968490.0
2022-04-12 17:00:00,11.62,11.8476,11.59,11.6687,623329600.0
2022-04-12 18:00:00,11.6656,11.8076,11.5818,11.6608,470402940.0
2022-04-12 19:00:00,11.6639,11.669,11.3854,11.4348,658240330.0
2022-04-12 20:00:00,11.4357,11.4651,11.2548,11.2647,457925860.0
2022-04-12 21:00:00,11.2646,11.3368,11.1368,11.2193,547731990.0
2022-04-12 22:00:00,11.2207,11.336,11.1989,11.3,435815930.0
2022-04-12 23:00:00,11.2987,11.4996,11.2862,11.393,282846200.0
2022-04-13 00:00:00,11.3945,11.469,11.2906,11.3982,261486430.0
2022-04-13 01:00:00,11.3976,11.6733,11.3962,11.5902,433033240.0
2022-04-13 02:00:00,11.5897,11.8747,11.5523,11.6459,706783100.0
2022-04-13 03:00:00,11.6423,11.7113,11.4549,11.6938,323535550.0
2022-04-13 04:00:00,11.6917,11.9567,11.51,11.871,744800360.0
2022-04-13 05:00:00,11.8687,12.2143,11.8007,12.1362,1132229040.0
2022-04-13 06:00:00,12.1352,12.3054,12.0509,12.2103,964290640.0
2022-04-13 07:00:00,12.2132,12.28,12.0257,12.1539,483754260.0
2022-04-13 08:00:00,12.149,12.49,12.0567,12.3142,1691011350.0
2022-04-13 09:00:00,12.314,12.42,12.2254,12.3553,853786200.0
2022-04-13 10:00:00,12.3587,12.52,12.1784,12.2549,1209034740.0
2022-04-13 11:00:00,12.2554,12.2622,12.0859,12.1286,604110240.0
2022-04-13 12:00:00,12.1289,12.2059,11.8644,12.1126,1386724160.0
2022-04-13 13:00:00,12.1124,12.2223,11.9682,12.0117,780151350.0
2022-04-13 14:00:00,12.0104,12.1343,11.87,11.9344,828737400.0
2022-04-13 15:00:00,11.9322,12.7157,11.9085,12.6064,2025266950.0
2022-04-13 16:00:00,12.6057,12.8568,12.5039,12.5823,3197023650.0
2022-04-13 17:00:00,12.5822,12.8199,12.5638,12.7353,1267562810.0
2022-04-13 18:00:00,12.7422,12.87,12.5484,12.6117,1024385690.0
2022-04-13 19:00:00,12.6134,12.7026,12.5568,12.6833,399079910.0
2022-04-13 20:00:00,12.6854,12.8196,12.6492,12.7856,519414910.0
2022-04-13 21:00:00,12.7878,12.87,12.6569,12.7023,424369050.0
2022-04-13 22:00:00,12.7036,12.96,12.6848,12.7774,886700580.0
2022-04-13 23:00:00,12.7777,13.48,12.6753,13.1872,1268590080.0
2022-04-14 00:00:00,13.1889,13.3468,13.0542,13.2763,979528930.0
2022-04-14 01:00:00,13.274,13.4394,13.1345,13.2423,1070458500.0
2022-04-14 02:00:00,13.2415,13.4,13.014,13.0957,933646010.0
2022-04-14 03:00:00,13.0985,13.3,13.0241,13.1827,634692810.0
2022-04-14 04:00:00,13.1855,13.242,13.03,13.0487,411138400.0
2022-04-14 05:00:00,13.0486,13.1588,12.9,13.0797,514814700.0
2022-04-14 06:00:00,13.0797,13.24,13.054,13.1638,419724950.0
2022-04-14 07:00:00,13.1641,13.3,13.085,13.1214,416297400.0
2022-04-14 08:00:00,13.1247,13.1727,12.9571,13.0314,464440980.0
2022-04-14 09:00:00,13.0312,13.1829,13.0105,13.0554,304938940.0
2022-04-14 10:00:00,13.0503,13.358,13.05,13.2025,676611090.0
2022-04-14 11:00:00,13.2038,13.2553,12.98,13.1961,595220990.0
2022-04-14 12:00:00,13.1919,13.5721,13.12,13.1418,1544981410.0
2022-04-14 13:00:00,13.1433,13.3056,12.925,13.0166,714327860.0
2022-04-14 14:00:00,13.0178,13.2362,12.9362,13.2232,603425220.0
2022-04-14 15:00:00,13.2227,13.3129,12.7017,12.8267,1186540760.0
2022-04-14 16:00:00,12.8289,12.8774,12.443,12.5301,2120671390.0000002
2022-04-14 17:00:00,12.529,12.612,12.1057,12.1861,1981937590.0
2022-04-14 18:00:00,12.1862,12.2863,12.0167,12.0835,1525397370.0
2022-04-14 19:00:00,12.0861,12.1453,12.0,12.1235,761105440.0
2022-04-14 20:00:00,12.1233,12.18,11.9315,11.9649,843387150.0
2022-04-14 21:00:00,11.9654,12.1359,11.9382,12.048,377730990.0
2022-04-14 22:00:00,12.0513,12.0962,11.9414,12.0707,469390860.0
2022-04-14 23:00:00,12.0737,12.2128,12.0286,12.1337,278426020.0
2022-04-15 00:00:00,12.1352,12.1837,12.0516,12.0808,390810220.0
2022-04-15 01:00:00,12.0796,12.2935,12.0679,12.2676,399691810.0
2022-04-15 02:00:00,12.2675,12.4356,12.1426,12.2449,742797720.0
2022-04-15 03:00:00,12.2447,12.3343,12.1572,12.2802,255773400.0
2022-04-15 04:00:00,12.278,12.3959,12.2113,12.3208,223292750.0
2022-04-15 05:00:00,12.3202,12.4879,12.3202,12.4799,318344680.0
2022-04-15 06:00:00,12.4806,12.6206,12.4337,12.5319,566351970.0
2022-04-15 07:00:00,12.532,12.5667,12.4008,12.4305,276988880.0
2022-04-15 08:00:00,12.429,12.472,12.1642,12.2083,559363260.0
2022-04-15 09:00:00,12.21,12.3145,12.0196,12.2342,683370120.0
2022-04-15 10:00:00,12.2342,12.2985,12.0735,12.1301,234135370.0
2022-04-15 11:00:00,12.1296,12.1488,12.0365,12.0841,243576930.0
2022-04-15 12:00:00,12.0846,12.2239,12.0645,12.1715,187586040.0
2022-04-15 13:00:00,12.173,12.2361,12.0822,12.1712,261075680.0
2022-04-15 14:00:00,12.1712,12.2668,12.1468,12.1968,238876100.0
2022-04-15 15:00:00,12.1976,12.2555,12.0889,12.0919,246605200.0
2022-04-15 16:00:00,12.0934,12.294,11.9814,12.2183,862402020.0
2022-04-15 17:00:00,12.2181,12.3615,12.1967,12.2905,535376360.0
2022-04-15 18:00:00,12.2917,12.3563,12.207,12.31,258015870.0
2022-04-15 19:00:00,12.31,12.4879,12.2862,12.4562,487699690.0
2022-04-15 20:00:00,12.4555,12.4747,12.3478,12.4221,198828870.0
2022-04-15 21:00:00,12.4194,12.44,12.1658,12.1749,414206680.0
2022-04-15 22:00:00,12.1719,12.2716,12.1399,12.2519,234312620.0
2022-04-15 23:00:00,12.2489,12.2754,12.1524,12.1665,108869760.0
2022-04-16 00:00:00,12.1664,12.2415,12.1136,12.2091,146261240.0
2022-04-16 01:00:00,12.2117,12.2644,12.1725,12.2346,174604590.0
2022-04-16 02:00:00,12.236,12.2936,12.156,12.1984,205597130.0
2022-04-16 03:00:00,12.198,12.2276,12.1301,12.1639,156555270.0
2022-04-16 04:00:00,12.1656,12.1718,12.063,12.1189,249131190.0
2022-04-16 05:00:00,12.1163,12.2025,12.0872,12.1494,145054620.0
2022-04-16 06:00:00,12.1429,12.2031,12.1024,12.1604,141507470.0
2022-04-16 07:00:00,12.1579,12.1788,12.0892,12.1384,174471670.0
2022-04-16 08:00:00,12.1408,12.1468,12.1,12.128,93907660.0
2022-04-16 09:00:00,12.13,12.15,12.014,12.0926,215655980.0
2022-04-16 10:00:00,12.0926,12.1094,12.0273,12.1092,244887090.0
2022-04-16 11:00:00,12.1072,12.1716,12.05,12.0705,198279340.0
2022-04-16 12:00:00,12.0674,12.1302,12.0525,12.0933,182436270.0
2022-04-16 13:00:00,12.0969,12.17,12.0851,12.12,155407530.0
2022-04-16 14:00:00,12.1225,12.1421,12.0681,12.1009,184947230.0
2022-04-16 15:00:00,12.0996,12.1,12.0328,12.0788,192968890.0
2022-04-16 16:00:00,12.0789,12.124,12.037,12.109,172292230.0
2022-04-16 17:00:00,12.1091,12.1369,11.2967,11.3798,2536425820.0
2022-04-16 18:00:00,11.3769,11.5178,11.3359,11.4976,649813870.0
2022-04-16 19:00:00,11.4986,11.5325,11.4379,11.5069,316317450.0
2022-04-16 20:00:00,11.5077,11.5886,11.46,11.4958,223578720.0
2022-04-16 21:00:00,11.4958,11.5982,11.4958,11.566,224869980.0
2022-04-16 22:00:00,11.5609,11.6998,11.5393,11.6788,269432710.0
2022-04-16 23:00:00,11.6795,11.833,11.6223,11.7509,321426800.0
2022-04-17 00:00:00,11.7522,11.8456,11.6383,11.6765,414354610.0
2022-04-17 01:00:00,11.6756,11.7494,11.6406,11.6643,213727580.0
2022-04-17 02:00:00,11.6636,11.6824,11.572,11.6267,211561410.0
2022-04-17 03:00:00,11.6251,11.652,11.5843,11.6314,153020570.0
2022-04-17 04:00:00,11.6314,11.6472,11.4499,11.5149,246075360.0
2022-04-17 05:00:00,11.5136,11.5721,11.5,11.5251,159543890.0
2022-04-17 06:00:00,11.521,11.5707,11.5059,11.5606,137957060.0
2022-04-17 07:00:00,11.5605,11.6425,11.5374,11.6209,159482580.0
2022-04-17 08:00:00,11.6209,11.6318,11.5581,11.5588,126423480.0
2022-04-17 09:00:00,11.5584,11.5685,11.5191,11.5256,165355580.0
2022-04-17 10:00:00,11.5291,11.6128,11.5262,11.6125,198962810.0
2022-04-17 11:00:00,11.6126,11.8098,11.6126,11.6814,507162580.0
2022-04-17 12:00:00,11.6814,11.7417,11.6582,11.6785,220749700.0
2022-04-17 13:00:00,11.6779,11.7156,11.6,11.7051,189792270.0
2022-04-17 14:00:00,11.7045,11.7099,11.6196,11.6821,165975530.0
2022-04-17 15:00:00,11.6815,11.8725,11.6298,11.7696,632048990.0
2022-04-17 16:00:00,11.7683,12.0427,11.6854,11.9191,796982090.0
2022-04-17 17:00:00,11.9184,12.0497,11.8699,11.9682,457960570.0
2022-04-17 18:00:00,11.9668,12.1,11.8643,11.9173,701087540.0
2022-04-17 19:00:00,11.9177,11.9249,11.74,11.775,364336560.0
2022-04-17 20:00:00,11.7719,11.8681,11.6504,11.809,442796900.0
2022-04-17 21:00:00,11.8082,11.9479,11.7357,11.9149,233630030.0
2022-04-17 22:00:00,11.9154,12.01,11.8232,11.8909,328261960.0
2022-04-17 23:00:00,11.8908,11.9365,11.811,11.9148,147831710.0
2022-04-18 00:00:00,11.9139,11.9709,11.7433,11.7898,223641680.0
2022-04-18 01:00:00,11.79,11.7905,11.471,11.6991,791468780.0
2022-04-18 02:00:00,11.6948,11.7376,11.535,11.6459,389238280.0
2022-04-18 03:00:00,11.6434,11.8063,11.6304,11.7097,358357850.0
2022-04-18 04:00:00,11.7056,11.8624,11.6895,11.813,233271320.0
2022-04-18 05:00:00,11.8136,11.8368,11.626,11.626,223659380.0
2022-04-18 06:00:00,11.6316,11.6449,11.0243,11.1126,1193095140.0
2022-04-18 07:00:00,11.1093,11.3136,11.0715,11.2812,545864330.0
2022-04-18 08:00:00,11.2765,11.36,11.145,11.1954,382590660.0
2022-04-18 09:00:00,11.1952,11.2418,10.9,11.0069,925098750.0
2022-04-18 10:00:00,11.0089,11.157,10.9643,11.0515,455414640.0
2022-04-18 11:00:00,11.0549,11.148,10.9918,11.136,235988910.0
2022-04-18 12:00:00,11.1386,11.2619,11.1032,11.123,269103920.0
2022-04-18 13:00:00,11.124,11.2406,11.124,11.1608,197142510.0
2022-04-18 14:00:00,11.1611,11.459,11.1611,11.3549,439903980.0
2022-04-18 15:00:00,11.3543,11.381,11.213,11.2463,784922960.0
2022-04-18 16:00:00,11.2427,11.41,11.2279,11.36,481714600.0
2022-04-18 17:00:00,11.3615,11.3641,11.16,11.2562,309676800.0
2022-04-18 18:00:00,11.2579,11.4026,11.1101,11.3181,479335120.0
2022-04-18 19:00:00,11.3205,11.5997,11.2967,11.5906,707116520.0
2022-04-18 20:00:00,11.5841,11.7606,11.55,11.6801,700376100.0
2022-04-18 21:00:00,11.68,11.7496,11.55,11.6182,431131390.0
2022-04-18 22:00:00,11.6186,11.67,11.576,11.5989,230087270.0
2022-04-18 23:00:00,11.5986,11.8117,11.5935,11.7238,341135110.0
2022-04-19 00:00:00,11.7249,11.85,11.7107,11.8211,235307590.0
2022-04-19 01:00:00,11.8222,11.9169,11.76,11.8672,323216860.0
2022-04-19 02:00:00,11.8712,12.031,11.8226,11.8309,588257340.0
2022-04-19 03:00:00,11.8283,11.8677,11.671,11.7016,438954690.0
2022-04-19 04:00:00,11.7015,12.123,11.6943,11.8983,808961450.0
2022-04-19 05:00:00,11.9058,12.4981,11.8949,12.4498,1416008690.0
2022-04-19 06:00:00,12.4445,12.5835,12.2982,12.4278,1231319660.0
2022-04-19 07:00:00,12.4268,12.6078,12.4254,12.509,615603870.0
2022-04-19 08:00:00,12.5042,12.72,12.431,12.4982,962891860.0
2022-04-19 09:00:00,12.4951,12.5666,12.3514,12.4424,560528520.0
2022-04-19 10:00:00,12.4424,12.56,12.429,12.4885,402740100.0
2022-04-19 11:00:00,12.4903,12.4937,12.1115,12.2572,1046840280.0
2022-04-19 12:00:00,12.2571,12.293,12.1316,12.2452,420567280.0
2022-04-19 13:00:00,12.2438,12.3918,12.1888,12.1922,528091800.00000006
2022-04-19 14:00:00,12.1916,12.5,12.1901,12.4603,630970650.0
2022-04-19 15:00:00,12.461,12.62,12.3676,12.596,643960810.0
2022-04-19 16:00:00,12.5942,13.1687,12.5839,13.0753,1971512750.0
2022-04-19 17:00:00,13.0781,13.1899,12.929,12.9576,1299181820.0
2022-04-19 18:00:00,12.9563,13.5308,12.8932,13.4299,2080375200.0
2022-04-19 19:00:00,13.4284,13.4809,13.15,13.2754,987056020.0
2022-04-19 20:00:00,13.2754,13.3596,13.0683,13.1426,565807940.0
2022-04-19 21:00:00,13.1426,13.2583,13.1235,13.2205,424599030.0
2022-04-19 22:00:00,13.219,13.2579,13.0279,13.1384,485384060.0
2022-04-19 23:00:00,13.1399,13.3009,13.1168,13.2687,396216810.0
2022-04-20 00:00:00,13.2687,13.3204,13.1032,13.1538,289198260.0
2022-04-20 01:00:00,13.1529,13.48,13.1365,13.3739,457673770.0
2022-04-20 02:00:00,13.3739,13.4468,12.9648,13.1881,999467890.0
2022-04-20 03:00:00,13.1874,14.0524,12.9701,14.0147,2443994790.0
2022-04-20 04:00:00,14.0115,15.2785,14.0,15.0678,6443674310.0
2022-04-20 05:00:00,15.068,17.4,14.9744,16.1809,5839015540.0
2022-04-20 06:00:00,16.1809,16.3832,15.55,15.8148,5796970640.0
2022-04-20 07:00:00,15.8135,15.83,15.346,15.5499,2999975620.0
2022-04-20 08:00:00,15.5482,15.903,15.5434,15.8247,1855934200.0
2022-04-20 09:00:00,15.8247,16.129,15.5632,15.8654,2797393090.0
2022-04-20 10:00:00,15.8652,16.75,15.8318,16.1317,3675290780.0
2022-04-20 11:00:00,16.1359,16.5843,16.0223,16.3604,1859659300.0
2022-04-20 12:00:00,16.3612,17.32,16.2648,16.9235,4830268580.0
2022-04-20 13:00:00,16.9202,16.9462,16.128,16.3711,3930874150.0
2022-04-20 14:00:00,16.3715,16.6622,16.2456,16.356,1605118250.0
2022-04-20 15:00:00,16.3508,16.415,15.82,16.3625,2903946290.0
2022-04-20 16:00:00,16.3624,16.4356,15.6801,15.8705,1844324770.0
2022-04-20 17:00:00,15.8705,16.2,15.5751,15.9739,2075547020.0
2022-04-20 18:00:00,15.9683,16.2577,15.7263,16.0636,1964375330.0
2022-04-20 19:00:00,16.0571,16.38,15.8782,16.2213,1206177880.0
2022-04-20 20:00:00,16.2213,16.4989,15.93,16.2466,1424764210.0
2022-04-20 21:00:00,16.2439,16.4432,16.0842,16.1491,951594190.0
2022-04-20 22:00:00,16.1492,16.6312,15.9331,16.5739,1227800060.0
2022-04-20 23:00:00,16.5738,17.0,16.3464,16.6195,2390822400.0
2022-04-21 00:00:00,16.6137,17.4831,16.555,17.3304,2757905090.0
2022-04-21 01:00:00,17.3313,17.52,16.6902,16.7269,2276813470.0
2022-04-21 02:00:00,16.722,16.7863,16.3624,16.5163,2101649339.9999998
2022-04-21 03:00:00,16.511,16.558,15.8188,15.9098,2651830270.0
2022-04-21 04:00:00,15.9098,16.0537,15.5602,15.6551,1800279800.0
2022-04-21 05:00:00,15.654,15.6845,15.2796,15.524,1555267880.0
2022-04-21 06:00:00,15.5195,15.795,15.4753,15.5522,1174972690.0
2022-04-21 07:00:00,15.5467,15.7905,14.78,14.9547,2352065610.0
2022-04-21 08:00:00,14.9555,15.1,14.3983,14.8482,2343579120.0
2022-04-21 09:00:00,14.847,15.0598,14.72,14.9468,1192428250.0
2022-04-21 10:00:00,14.9529,15.4301,14.8601,15.3361,2014885270.0
2022-04-21 11:00:00,15.3362,15.3842,14.9673,15.2061,1153225550.0
2022-04-21 12:00:00,15.2125,15.7874,15.1454,15.4434,1846155180.0
2022-04-21 13:00:00,15.4438,15.7397,15.2802,15.3884,1476847610.0
2022-04-21 14:00:00,15.3887,15.5477,15.1839,15.4509,1113808300.0
2022-04-21 15:00:00,15.4514,15.68,15.1317,15.2088,1082282850.0
2022-04-21 16:00:00,15.2136,15.2595,14.8,15.1015,1618221980.0
2022-04-21 17:00:00,15.0972,15.23,14.8612,15.0399,839533940.0
2022-04-21 18:00:00,15.0399,15.1482,14.701,15.0229,1083071560.0
2022-04-21 19:00:00,15.0179,15.57,14.9953,15.2327,1429269910.0
2022-04-21 20:00:00,15.2305,15.3194,14.9651,15.1134,517912810.0
2022-04-21 21:00:00,15.1111,15.1588,14.75,14.7694,805718440.0
2022-04-21 22:00:00,14.7655,14.9455,14.26,14.5745,1539672980.0
2022-04-21 23:00:00,14.5745,14.7334,14.4213,14.4465,590286640.0
2022-04-22 00:00:00,14.4422,14.7,14.0537,14.3859,1610369740.0
2022-04-22 01:00:00,14.3859,14.4053,14.0689,14.2885,1086977160.0
2022-04-22 02:00:00,14.2887,14.5886,14.1861,14.4528,1148643800.0
2022-04-22 03:00:00,14.4513,14.6906,14.096,14.28,1474000260.0
2022-04-22 04:00:00,14.2797,14.4394,14.1683,14.2539,566993680.0
2022-04-22 05:00:00,14.2546,14.2568,13.6921,13.8409,2678631900.0
2022-04-22 06:00:00,13.841,14.0837,13.8335,13.9899,949186330.0
2022-04-22 07:00:00,13.989,14.2888,13.8675,14.201,824532060.0
2022-04-22 08:00:00,14.2004,14.3702,14.1233,14.2191,591076830.0
2022-04-22 09:00:00,14.2163,14.3499,13.9352,14.2307,819302530.0
2022-04-22 10:00:00,14.2307,14.2791,14.0483,14.2027,481487720.0
2022-04-22 11:00:00,14.2039,14.3598,14.0855,14.1127,680527420.0
2022-04-22 12:00:00,14.1119,14.3263,13.9689,14.3141,609460010.0
2022-04-22 13:00:00,14.3181,14.6,14.2741,14.4931,774275200.0
2022-04-22 14:00:00,14.4907,14.6,14.2787,14.3142,661366170.0
2022-04-22 15:00:00,14.3151,14.397,14.0612,14.1148,935476270.0
2022-04-22 16:00:00,14.122,14.2847,13.81,13.9249,987400200.0
2022-04-22 17:00:00,13.9214,14.5,13.8,14.3805,1164658550.0
2022-04-22 18:00:00,14.377,15.3319,14.3,14.7918,2795314760.0
2022-04-22 19:00:00,14.785,15.0,14.4676,14.5103,1043460670.0
2022-04-22 20:00:00,14.5066,14.5644,14.3,14.4814,722453780.0
2022-04-22 21:00:00,14.4848,15.0,14.3751,14.9472,960064520.0
2022-04-22 22:00:00,14.9366,15.1732,14.7113,15.0787,1219060530.0
2022-04-22 23:00:00,15.077,15.3873,14.8719,15.1959,1097071300.0
2022-04-23 00:00:00,15.1977,15.3182,14.8726,14.8921,780467370.0
2022-04-23 01:00:00,14.8951,15.4872,14.8267,15.3693,924653810.0
2022-04-23 02:00:00,15.3694,15.7126,15.166,15.6572,1926043010.0
2022-04-23 03:00:00,15.6598,16.0289,15.5,15.9109,2254893020.0
2022-04-23 04:00:00,15.9126,16.1,15.6886,15.8993,1591300580.0
2022-04-23 05:00:00,15.902,16.6671,15.8674,16.516,2896473860.0
2022-04-23 06:00:00,16.5162,16.868,16.2935,16.7787,1883668780.0
2022-04-23 07:00:00,16.7789,17.2,16.639,16.7793,2328826810.0
2022-04-23 08:00:00,16.778,16.9427,16.157,16.56,3675371360.0
2022-04-23 09:00:00,16.5548,16.84,16.4146,16.6407,1414034380.0
2022-04-23 10:00:00,16.6397,16.7,16.3,16.5977,1752182520.0
2022-04-23 11:00:00,16.5987,16.6223,16.2304,16.4646,833476680.0
2022-04-23 12:00:00,16.4647,16.9526,16.3646,16.8502,1746982800.0
2022-04-23 13:00:00,16.851,17.15,16.6376,16.9554,2241367070.0
2022-04-23 14:00:00,16.9531,16.9842,16.4376,16.5948,1859274040.0
2022-04-23 15:00:00,16.5948,16.7469,16.3428,16.5788,1070970450.0
2022-04-23 16:00:00,16.5854,16.9,16.4258,16.7146,1099435660.0
2022-04-23 17:00:00,16.7102,18.0153,16.6901,17.4974,3510502750.0
2022-04-23 18:00:00,17.5,18.4497,17.2,18.1433,5503851770.0
2022-04-23 19:00:00,18.15,18.1665,17.5,17.6166,2626812870.0
2022-04-23 20:00:00,17.6166,17.9421,17.5039,17.633,1505598120.0
2022-04-23 21:00:00,17.6397,17.7005,17.0748,17.2543,1780973230.0
2022-04-23 22:00:00,17.2544,17.3862,16.8384,17.0746,1448724610.0
2022-04-23 23:00:00,17.0789,17.191,16.8797,16.9812,898376730.0
2022-04-24 00:00:00,16.982,17.065,16.5141,16.531,1515018940.0
2022-04-24 01:00:00,16.541,16.7705,16.2481,16.6921,1772690980.0
2022-04-24 02:00:00,16.683,16.8076,16.35,16.4231,1437594960.0
2022-04-24 03:00:00,16.4231,16.5355,16.0254,16.1318,1665209380.0
2022-04-24 04:00:00,16.1299,16.35,15.998,16.169,1228925040.0
2022-04-24 05:00:00,16.1613,16.3396,16.0532,16.2408,888095340.0
2022-04-24 06:00:00,16.2389,16.3346,15.9047,16.1023,1164878990.0
2022-04-24 07:00:00,16.1023,16.2549,16.0189,16.1833,541474080.0
2022-04-24 08:00:00,16.1827,16.5083,16.1199,16.3759,1327213250.0
2022-04-24 09:00:00,16.3766,16.584,16.2112,16.5095,1278251580.0
2022-04-24 10:00:00,16.5096,16.76,16.3831,16.4968,1541963690.0
2022-04-24 11:00:00,16.497,16.6436,16.2934,16.52,915213030.0
2022-04-24 12:00:00,16.521,16.6781,16.3543,16.4406,950759660.0
2022-04-24 13:00:00,16.4414,16.4978,16.15,16.3482,891993160.0
2022-04-24 14:00:00,16.3459,16.3878,16.09,16.2056,763622410.0
2022-04-24 15:00:00,16.2053,16.4399,16.0572,16.4213,819091290.0
2022-04-24 16:00:00,16.4213,17.3185,16.3727,17.0339,3238864380.0
2022-04-24 17:00:00,17.0339,17.4444,16.7211,17.2166,2612730880.0
2022-04-24 18:00:00,17.2134,17.3867,16.8717,17.1829,2173760670.0
2022-04-24 19:00:00,17.1834,17.2512,16.74,16.8405,1214451660.0
2022-04-24 20:00:00,16.8405,17.29,16.8003,17.117,837197890.0
2022-04-24 21:00:00,17.1119,17.76,17.0687,17.6362,1667962390.0
2022-04-24 22:00:00,17.6363,17.8744,17.2471,17.3011,1538425420.0
2022-04-24 23:00:00,17.2993,17.6,17.2238,17.404,716210610.0
2022-04-25 00:00:00,17.4041,17.4525,17.0311,17.1436,799703420.0
2022-04-25 01:00:00,17.1498,17.2037,16.6513,16.8171,1389359750.0
2022-04-25 02:00:00,16.8184,16.8911,16.18,16.268,2373357590.0
2022-04-25 03:00:00,16.2686,16.5431,16.18,16.4693,1480354170.0
2022-04-25 04:00:00,16.4755,16.7882,16.3397,16.7522,1106336770.0
2022-04-25 05:00:00,16.7522,17.2568,16.6339,16.9224,1998112130.0
2022-04-25 06:00:00,16.9281,17.1695,16.6777,16.8566,1140927270.0
2022-04-25 07:00:00,16.856,17.0041,16.6346,16.7566,976220390.0
2022-04-25 08:00:00,16.7627,16.8326,16.32,16.3328,1058198840.0000001
2022-04-25 09:00:00,16.3329,16.86,16.2,16.7441,1556167870.0
2022-04-25 10:00:00,16.7376,17.5,16.6251,17.2621,2915586620.0
2022-04-25 11:00:00,17.2621,17.6,16.9291,17.3124,2173769870.0
2022-04-25 12:00:00,17.3103,17.4662,17.0823,17.2799,1175674990.0
2022-04-25 13:00:00,17.2813,17.84,17.0992,17.2163,3360454110.0
2022-04-25 14:00:00,17.2163,17.4241,17.0124,17.3031,1495398570.0
2022-04-25 15:00:00,17.2967,17.4816,17.1391,17.2762,1285613630.0
2022-04-25 16:00:00,17.2791,17.7626,17.1997,17.6596,1826530710.0
2022-04-25 17:00:00,17.666,17.9,17.5119,17.6674,1457554230.0
2022-04-25 18:00:00,17.6653,18.2472,17.4116,17.9149,2744944030.0
2022-04-25 19:00:00,17.9141,18.35,17.8387,18.0839,1626002960.0
2022-04-25 20:00:00,18.087,18.1802,17.7705,18.0,1157821790.0
2022-04-25 21:00:00,18.0,18.1893,17.54,18.0204,1998753340.0
2022-04-25 22:00:00,18.0159,18.0428,17.6603,17.9053,745614200.0
2022-04-25 23:00:00,17.9051,18.15,17.7889,17.8586,736333710.0
2022-04-26 00:00:00,17.8583,18.268,17.72,18.1721,861025790.0
2022-04-26 01:00:00,18.1721,19.6,17.993,19.3348,5244397870.0
2022-04-26 02:00:00,19.3416,19.57,18.96,19.323,3895559410.0
2022-04-26 03:00:00,19.3233,19.3336,18.5882,18.7129,2288832640.0
2022-04-26 04:00:00,18.7158,18.95,18.5618,18.7151,1285369130.0
2022-04-26 05:00:00,18.7151,18.835,18.4747,18.586,956943880.0
2022-04-26 06:00:00,18.5865,18.7953,18.5827,18.5907,751894010.0
2022-04-26 07:00:00,18.5901,18.6664,18.1628,18.2992,1757553950.0
2022-04-26 08:00:00,18.3013,18.3737,17.77,17.8,2433562200.0
2022-04-26 09:00:00,17.7999,18.0584,17.7713,17.893,1270838760.0
2022-04-26 10:00:00,17.8978,18.2139,17.8888,18.1666,1292285070.0
2022-04-26 11:00:00,18.1699,18.4022,18.0244,18.1858,1389762570.0
2022-04-26 12:00:00,18.1831,18.325,17.9634,18.0345,984775020.0
2022-04-26 13:00:00,18.0345,18.1958,17.8506,17.9947,1203709530.0
2022-04-26 14:00:00,17.9939,18.0173,17.5111,17.7567,1992776980.0
2022-04-26 15:00:00,17.7614,17.9137,17.4803,17.5223,1027642950.0
2022-04-26 16:00:00,17.5223,18.0712,17.41,17.8672,1769377090.0
2022-04-26 17:00:00,17.864,18.244,17.7816,17.817,2010005430.0
2022-04-26 18:00:00,17.8157,18.27,17.7,18.2008,1668819620.0
2022-04-26 19:00:00,18.2008,18.2196,17.5743,17.6268,1408803080.0
2022-04-26 20:00:00,17.6241,17.8772,17.5029,17.8525,1223633920.0
2022-04-26 21:00:00,17.8525,18.19,17.65,18.1257,1215825850.0
2022-04-26 22:00:00,18.1248,18.1999,17.8555,17.9917,980299020.0
2022-04-26 23:00:00,17.9926,18.13,17.8822,18.1,509237900.0
2022-04-27 00:00:00,18.1076,18.5555,18.0576,18.2339,1409659810.0
2022-04-27 01:00:00,18.2348,18.4286,17.7357,18.0798,1211937230.0
2022-04-27 02:00:00,18.0857,18.4168,17.9831,18.186,1480197880.0
2022-04-27 03:00:00,18.187,18.2411,17.8725,17.9524,872011270.0
2022-04-27 04:00:00,17.956,18.114,17.8472,18.019,516043330.0
2022-04-27 05:00:00,18.0189,18.1038,17.8635,18.058,454974860.0
2022-04-27 06:00:00,18.0524,18.2597,17.9999,18.2574,582916320.0
2022-04-27 07:00:00,18.2574,18.41,18.176,18.1916,811188730.0
2022-04-27 08:00:00,18.1884,18.4879,18.1385,18.4717,716076440.0
2022-04-27 09:00:00,18.4717,18.8062,18.4261,18.6572,1643384910.0
2022-04-27 10:00:00,18.6572,19.0943,18.56,19.0206,1914913770.0
2022-04-27 11:00:00,19.0206,19.31,18.76,19.1747,1673397190.0
2022-04-27 12:00:00,19.1774,19.2588,19.0063,19.1013,960576050.0
2022-04-27 13:00:00,19.1014,19.1607,18.6859,18.9601,1647730830.0
2022-04-27 14:00:00,18.9622,19.215,18.8233,18.937,1091687850.0
2022-04-27 15:00:00,18.937,19.4343,18.9,19.3149,1430064390.0
2022-04-27 16:00:00,19.3209,19.3623,18.901,19.1077,1445550720.0
2022-04-27 17:00:00,19.1077,19.2501,18.9663,19.1891,957872630.0
2022-04-27 18:00:00,19.1891,19.6,19.1159,19.272,1908678680.0
2022-04-27 19:00:00,19.275,19.78,19.0565,19.4793,1912285990.0
